create table SALESMAN
(
Salesman_id int,
Name varchar(10),
City varchar(10),
Commission int,
primary key(Salesman_id)
);

create table CUSTOMER
(
Customer_id int,
Cust_name varchar(10),
City varchar(10),
Grade int,
Salesman_id int,
primary key (Customer_id),
foreign key (Salesman_id) references SALESMAN (Salesman_id) on delete set NULL
);

create table ORDERS
(
Ord_no int,
Purchase_amt int,
Ord_date date,
Customer_id int,
Salesman_id int,
primary key (Ord_no),
foreign key (Customer_id) references CUSTOMER (customer_id) on delete cascade,
foreign key (Salesman_id) references SALESMAN (salesman_id) on delete cascade
);

INSERT INTO SALESMAN VALUES (1000, 'JOSEPH', 'MYSORE',13);
INSERT INTO SALESMAN VALUES (1001, 'GIRISH', 'BANGALORE',22);
INSERT INTO SALESMAN VALUES (1002, 'MUKUND','MUMBAI',16);
INSERT INTO SALESMAN VALUES (1003, 'SAURABH','DELHI',19);
INSERT INTO SALESMAN VALUES (1004, 'SRINIVAS','HYDRABAD',23);
INSERT INTO SALESMAN VALUES (1005, 'MOHAN','RANCHI',23);


INSERT INTO CUSTOMER VALUES (1, 'SHARAL','HYDRABAD',40,1004);
INSERT INTO CUSTOMER VALUES (2,'MEENAKSHI','MANGALORE',40,1000);
INSERT INTO CUSTOMER VALUES (3,'VIKKY','MUMBAI',35,1002);
INSERT INTO CUSTOMER VALUES (4, 'JOHN','MUMBAI',20,1002);
INSERT INTO CUSTOMER VALUES (5, 'GEORGE','BANGALORE',10,1001);
INSERT INTO CUSTOMER VALUES (6, 'HEVIN','BANGALORE',50,1001);
INSERT INTO CUSTOMER VALUES (7, 'ROSHAN','DELHI',45,1003);
INSERT INTO CUSTOMER VALUES (8, 'VIMALA','CHENNAI',35,1001);
INSERT INTO CUSTOMER VALUES (9, 'NAKUL','AYODHYA',15,1005);

INSERT INTO ORDERS VALUES (111, 50000, '04-JAN-17', 1, 1004);
INSERT INTO ORDERS VALUES (222, 45000, '04-JAN-17', 2, 1000);
INSERT INTO ORDERS VALUES (333, 10000, '05-FEB-17', 3, 1002);
INSERT INTO ORDERS VALUES (444, 35000, '13-MAR-17', 4, 1003);
INSERT INTO ORDERS VALUES (555, 75000, '14-MAR-17', 5, 1001);
INSERT INTO ORDERS VALUES (666, 25000, '14-MAR-17', 6, 1004);
INSERT INTO ORDERS VALUES (777, 5000, '27-JUN-17', 7, 1003);
INSERT INTO ORDERS VALUES (888, 52000, '25-AUG-17', 8, 1001);
INSERT INTO ORDERS VALUES (991, 37000, '25-AUG-17', 1, 1004);
INSERT INTO ORDERS VALUES (992, 29000, '09-SEP-17', 2, 1000);